zone_id,borough,zone,service_zone,total_pickups,modelled,lat,lon
1,EWR,Newark Airport,EWR,68,False,40.69183,-74.174
2,Queens,Jamaica Bay,Boro Zone,22,False,40.62419,-73.82648
3,Bronx,Allerton/Pelham Gardens,Boro Zone,622,False,40.86447,-73.84742
4,Manhattan,Alphabet City,Yellow Zone,46022,True,40.72375,-73.97697
5,Staten Island,Arden Heights,Boro Zone,3,False,40.55266,-74.18848
6,Staten Island,Arrochar/Fort Wadsworth,Boro Zone,99,False,40.60032,-74.07177
7,Queens,Astoria,Boro Zone,21631,True,40.76149,-73.91969
8,Queens,Astoria Park,Boro Zone,140,False,40.77856,-73.92309
9,Queens,Auburndale,Boro Zone,284,False,40.75103,-73.78795
10,Queens,Baisley Park,Boro Zone,3982,False,40.67895,-73.79099
11,Brooklyn,Bath Beach,Boro Zone,429,False,40.60427,-74.00749
12,Manhattan,Battery Park,Yellow Zone,3546,False,40.70295,-74.01556
13,Manhattan,Battery Park City,Yellow Zone,70082,True,40.71204,-74.01608
14,Brooklyn,Bay Ridge,Boro Zone,2806,False,40.62483,-74.02989
15,Queens,Bay Terrace/Fort Totten,Boro Zone,259,False,40.78333,-73.78597
16,Queens,Bayside,Boro Zone,534,False,40.76274,-73.77342
17,Brooklyn,Bedford,Boro Zone,9228,True,40.69151,-73.9499
18,Bronx,Bedford Park,Boro Zone,1596,False,40.86768,-73.89018
19,Queens,Bellerose,Boro Zone,601,False,40.73549,-73.72666
20,Bronx,Belmont,Boro Zone,834,False,40.85778,-73.88587
21,Brooklyn,Bensonhurst East,Boro Zone,824,False,40.60143,-73.98354
22,Brooklyn,Bensonhurst West,Boro Zone,1052,False,40.61222,-73.99526
23,Staten Island,Bloomfield/Emerson Hill,Boro Zone,57,False,40.60645,-74.17089
24,Manhattan,Bloomingdale,Yellow Zone,34855,True,40.80197,-73.96548
25,Brooklyn,Boerum Hill,Boro Zone,11448,True,40.68563,-73.98611
26,Brooklyn,Borough Park,Boro Zone,1513,False,40.63095,-73.98866
27,Queens,Breezy Point/Fort Tilden/Riis Beach,Boro Zone,92,False,40.55913,-73.90691
28,Queens,Briarwood/Jamaica Hills,Boro Zone,1868,False,40.7116,-73.80873
29,Brooklyn,Brighton Beach,Boro Zone,840,False,40.58092,-73.96122
30,Queens,Broad Channel,Boro Zone,54,False,40.60369,-73.82193
31,Bronx,Bronx Park,Boro Zone,214,False,40.85775,-73.87548
32,Bronx,Bronxdale,Boro Zone,911,False,40.864,-73.8649
33,Brooklyn,Brooklyn Heights,Boro Zone,14060,True,40.6958,-73.99525
34,Brooklyn,Brooklyn Navy Yard,Boro Zone,1646,False,40.70085,-73.97117
35,Brooklyn,Brownsville,Boro Zone,4912,False,40.664,-73.91026
36,Brooklyn,Bushwick North,Boro Zone,9641,True,40.70052,-73.91771
37,Brooklyn,Bushwick South,Boro Zone,16642,True,40.69499,-73.92224
38,Queens,Cambria Heights,Boro Zone,671,False,40.69434,-73.73555
39,Brooklyn,Canarsie,Boro Zone,5682,False,40.63804,-73.89974
40,Brooklyn,Carroll Gardens,Boro Zone,4010,False,40.6792,-73.99596
41,Manhattan,Central Harlem,Boro Zone,52722,True,40.80433,-73.95129
42,Manhattan,Central Harlem North,Boro Zone,36941,True,40.81826,-73.94077
43,Manhattan,Central Park,Yellow Zone,139340,True,40.78248,-73.96556
44,Staten Island,Charleston/Tottenville,Boro Zone,12,False,40.52549,-74.23354
45,Manhattan,Chinatown,Yellow Zone,27823,True,40.71246,-73.99815
46,Bronx,City Island,Boro Zone,180,False,40.84693,-73.78665
47,Bronx,Claremont/Bathgate,Boro Zone,1472,False,40.84275,-73.90032
48,Manhattan,Clinton East,Yellow Zone,254087,True,40.76225,-73.98984
49,Brooklyn,Clinton Hill,Boro Zone,9058,False,40.68797,-73.96236
50,Manhattan,Clinton West,Yellow Zone,82005,True,40.76624,-73.99514
51,Bronx,Co-Op City,Boro Zone,2193,False,40.87397,-73.82826
52,Brooklyn,Cobble Hill,Boro Zone,3781,False,40.68665,-73.99672
53,Queens,College Point,Boro Zone,622,False,40.78091,-73.84281
54,Brooklyn,Columbia Street,Boro Zone,962,False,40.687,-74.00275
55,Brooklyn,Coney Island,Boro Zone,2443,False,40.57696,-73.98794
56,Queens,Corona,Boro Zone,1844,False,40.74141,-73.85885
57,Queens,Corona,Boro Zone,142,False,40.75182,-73.85358
58,Bronx,Country Club,Boro Zone,122,False,40.84145,-73.82039
59,Bronx,Crotona Park,Boro Zone,92,False,40.83855,-73.89499
60,Bronx,Crotona Park East,Boro Zone,1087,False,40.83399,-73.8859
61,Brooklyn,Crown Heights North,Boro Zone,14943,True,40.67447,-73.93929
62,Brooklyn,Crown Heights South,Boro Zone,3890,False,40.66654,-73.94879
63,Brooklyn,Cypress Hills,Boro Zone,2339,False,40.68384,-73.87817
64,Queens,Douglaston,Boro Zone,309,False,40.76061,-73.73934
65,Brooklyn,Downtown Brooklyn/MetroTech,Boro Zone,12973,True,40.69534,-73.98609
66,Brooklyn,DUMBO/Vinegar Hill,Boro Zone,14509,True,40.70226,-73.9857
67,Brooklyn,Dyker Heights,Boro Zone,651,False,40.61962,-74.0138
68,Manhattan,East Chelsea,Yellow Zone,279905,True,40.74843,-73.99992
69,Bronx,East Concourse/Concourse Village,Boro Zone,3186,False,40.83142,-73.91503
70,Queens,East Elmhurst,Boro Zone,23904,True,40.76335,-73.8684
71,Brooklyn,East Flatbush/Farragut,Boro Zone,3981,False,40.64429,-73.93797
72,Brooklyn,East Flatbush/Remsen Village,Boro Zone,4529,False,40.65236,-73.92225
73,Queens,East Flushing,Boro Zone,269,False,40.75411,-73.80729
74,Manhattan,East Harlem North,Boro Zone,45663,True,40.80117,-73.93735
75,Manhattan,East Harlem South,Boro Zone,85611,True,40.79001,-73.94575
76,Brooklyn,East New York,Boro Zone,8314,False,40.66093,-73.87682
77,Brooklyn,East New York/Pennsylvania Avenue,Boro Zone,2228,False,40.66656,-73.89536
78,Bronx,East Tremont,Boro Zone,1747,False,40.84496,-73.88552
79,Manhattan,East Village,Yellow Zone,283155,True,40.72762,-73.98594
80,Brooklyn,East Williamsburg,Boro Zone,15292,True,40.71537,-73.93679
81,Bronx,Eastchester,Boro Zone,1136,False,40.88094,-73.83664
82,Queens,Elmhurst,Boro Zone,4720,False,40.7395,-73.87712
83,Queens,Elmhurst/Maspeth,Boro Zone,1843,False,40.73832,-73.89217
84,Staten Island,Eltingville/Annadale/Prince's Bay,Boro Zone,5,False,40.52869,-74.18768
85,Brooklyn,Erasmus,Boro Zone,2926,False,40.64612,-73.95162
86,Queens,Far Rockaway,Boro Zone,1396,False,40.60243,-73.75524
87,Manhattan,Financial District North,Yellow Zone,82691,True,40.70681,-74.0075
88,Manhattan,Financial District South,Yellow Zone,41958,True,40.70336,-74.01152
89,Brooklyn,Flatbush/Ditmas Park,Boro Zone,6726,False,40.6379,-73.96097
90,Manhattan,Flatiron,Yellow Zone,166961,True,40.74228,-73.99697
91,Brooklyn,Flatlands,Boro Zone,3757,False,40.62627,-73.9301
92,Queens,Flushing,Boro Zone,2693,False,40.7611,-73.82886
93,Queens,Flushing Meadows-Corona Park,Boro Zone,3005,False,40.74067,-73.84087
94,Bronx,Fordham South,Boro Zone,701,False,40.85816,-73.89954
95,Queens,Forest Hills,Boro Zone,4423,False,40.72143,-73.84767
96,Queens,Forest Park/Highland Park,Boro Zone,157,False,40.697,-73.87156
97,Brooklyn,Fort Greene,Boro Zone,14438,True,40.69079,-73.97488
98,Queens,Fresh Meadows,Boro Zone,442,False,40.73446,-73.77725
99,Staten Island,Freshkills Park,Boro Zone,0,False,40.57677,-74.18642
100,Manhattan,Garment District,Yellow Zone,143552,True,40.75351,-73.98879
101,Queens,Glen Oaks,Boro Zone,464,False,40.74599,-73.71103
102,Queens,Glendale,Boro Zone,1181,False,40.70355,-73.87574
103,Manhattan,Governor's Island/Ellis Island/Liberty Island,Yellow Zone,0,False,40.68986,-74.04529
104,Manhattan,Governor's Island/Ellis Island/Liberty Island,Yellow Zone,0,False,40.69877,-74.04077
105,Manhattan,Governor's Island/Ellis Island/Liberty Island,Yellow Zone,4,False,40.68878,-74.01907
106,Brooklyn,Gowanus,Boro Zone,2802,False,40.67351,-73.99065
107,Manhattan,Gramercy,Yellow Zone,199682,True,40.73682,-73.98405
108,Brooklyn,Gravesend,Boro Zone,722,False,40.5884,-73.98143
109,Staten Island,Great Kills,Boro Zone,25,False,40.55186,-74.15089
110,Staten Island,Great Kills Park,Boro Zone,0,False,40.54578,-74.12834
111,Brooklyn,Green-Wood Cemetery,Boro Zone,46,False,40.65214,-73.99023
112,Brooklyn,Greenpoint,Boro Zone,17956,True,40.72951,-73.94954
113,Manhattan,Greenwich Village North,Yellow Zone,146467,True,40.73258,-73.9943
114,Manhattan,Greenwich Village South,Yellow Zone,152850,True,40.72834,-73.99738
115,Staten Island,Grymes Hill/Clifton,Boro Zone,61,False,40.61797,-74.08784
116,Manhattan,Hamilton Heights,Boro Zone,25605,True,40.82701,-73.94852
117,Queens,Hammels/Arverne,Boro Zone,1354,False,40.59406,-73.78962
118,Staten Island,Heartland Village/Todt Hill,Boro Zone,40,False,40.58655,-74.13298
119,Bronx,Highbridge,Boro Zone,2098,False,40.83783,-73.92616
120,Manhattan,Highbridge Park,Boro Zone,237,False,40.84667,-73.93018
121,Queens,Hillcrest/Pomonok,Boro Zone,1146,False,40.72833,-73.80244
122,Queens,Hollis,Boro Zone,712,False,40.71064,-73.76114
123,Brooklyn,Homecrest,Boro Zone,1037,False,40.59995,-73.96433
124,Queens,Howard Beach,Boro Zone,1219,False,40.65825,-73.8449
125,Manhattan,Hudson Sq,Yellow Zone,53668,True,40.72629,-74.00749
126,Bronx,Hunts Point,Boro Zone,1346,False,40.81207,-73.88554
127,Manhattan,Inwood,Boro Zone,4973,False,40.86608,-73.91931
128,Manhattan,Inwood Hill Park,Boro Zone,459,False,40.87238,-73.92437
129,Queens,Jackson Heights,Boro Zone,8875,False,40.75731,-73.88532
130,Queens,Jamaica,Boro Zone,6734,False,40.70437,-73.79398
131,Queens,Jamaica Estates,Boro Zone,1120,False,40.72066,-73.7761
132,Queens,JFK Airport,Airports,423252,True,40.64699,-73.78653
133,Brooklyn,Kensington,Boro Zone,1700,False,40.64059,-73.9762
134,Queens,Kew Gardens,Boro Zone,1736,False,40.70805,-73.82871
135,Queens,Kew Gardens Hills,Boro Zone,812,False,40.72838,-73.82119
136,Bronx,Kingsbridge Heights,Boro Zone,1151,False,40.86526,-73.90591
137,Manhattan,Kips Bay,Yellow Zone,126140,True,40.74044,-73.97649
138,Queens,LaGuardia Airport,Airports,285096,True,40.77435,-73.87328
139,Queens,Laurelton,Boro Zone,744,False,40.6771,-73.74423
140,Manhattan,Lenox Hill East,Yellow Zone,212242,True,40.76548,-73.95474
141,Manhattan,Lenox Hill West,Yellow Zone,242600,True,40.76695,-73.95964
142,Manhattan,Lincoln Square East,Yellow Zone,318740,True,40.77363,-73.98153
143,Manhattan,Lincoln Square West,Yellow Zone,126016,True,40.77597,-73.98765
144,Manhattan,Little Italy/NoLiTa,Yellow Zone,120771,True,40.72089,-73.99692
145,Queens,Long Island City/Hunters Point,Boro Zone,21107,True,40.74538,-73.94889
146,Queens,Long Island City/Queens Plaza,Boro Zone,10130,True,40.75424,-73.93483
147,Bronx,Longwood,Boro Zone,1019,False,40.81968,-73.89896
148,Manhattan,Lower East Side,Yellow Zone,150440,True,40.71894,-73.9909
149,Brooklyn,Madison,Boro Zone,766,False,40.60491,-73.94814
150,Brooklyn,Manhattan Beach,Boro Zone,508,False,40.58047,-73.94363
151,Manhattan,Manhattan Valley,Yellow Zone,89231,True,40.79796,-73.96817
152,Manhattan,Manhattanville,Boro Zone,16026,True,40.81798,-73.95378
153,Manhattan,Marble Hill,Boro Zone,404,False,40.87597,-73.91038
154,Brooklyn,Marine Park/Floyd Bennett Field,Boro Zone,134,False,40.59399,-73.9011
155,Brooklyn,Marine Park/Mill Basin,Boro Zone,1668,False,40.61459,-73.91528
156,Staten Island,Mariners Harbor,Boro Zone,22,False,40.63121,-74.1673
157,Queens,Maspeth,Boro Zone,4274,False,40.72399,-73.90233
158,Manhattan,Meatpacking/West Village West,Yellow Zone,113467,True,40.73504,-74.00898
159,Bronx,Melrose South,Boro Zone,2870,False,40.81826,-73.91285
160,Queens,Middle Village,Boro Zone,1247,False,40.71834,-73.88005
161,Manhattan,Midtown Center,Yellow Zone,453977,True,40.75803,-73.9777
162,Manhattan,Midtown East,Yellow Zone,337792,True,40.75669,-73.97236
163,Manhattan,Midtown North,Yellow Zone,272025,True,40.76442,-73.97757
164,Manhattan,Midtown South,Yellow Zone,214766,True,40.74857,-73.98516
165,Brooklyn,Midwood,Boro Zone,1405,False,40.62092,-73.95682
166,Manhattan,Morningside Heights,Boro Zone,66337,True,40.80946,-73.96176
167,Bronx,Morrisania/Melrose,Boro Zone,2107,False,40.82751,-73.90235
168,Bronx,Mott Haven/Port Morris,Boro Zone,5844,False,40.80752,-73.91724
169,Bronx,Mount Hope,Boro Zone,1840,False,40.84906,-73.90512
170,Manhattan,Murray Hill,Yellow Zone,287137,True,40.74775,-73.97849
171,Queens,Murray Hill-Queens,Boro Zone,588,False,40.76835,-73.80955
172,Staten Island,New Dorp/Midland Beach,Boro Zone,42,False,40.57177,-74.10502
173,Queens,North Corona,Boro Zone,1129,False,40.75258,-73.86304
174,Bronx,Norwood,Boro Zone,1260,False,40.87714,-73.87902
175,Queens,Oakland Gardens,Boro Zone,339,False,40.74267,-73.75462
176,Staten Island,Oakwood,Boro Zone,16,False,40.56199,-74.12258
177,Brooklyn,Ocean Hill,Boro Zone,5098,False,40.67664,-73.91363
178,Brooklyn,Ocean Parkway South,Boro Zone,356,False,40.61731,-73.97033
179,Queens,Old Astoria,Boro Zone,8012,False,40.77157,-73.92833
180,Queens,Ozone Park,Boro Zone,891,False,40.6756,-73.84704
181,Brooklyn,Park Slope,Boro Zone,10689,True,40.67037,-73.98141
182,Bronx,Parkchester,Boro Zone,1885,False,40.83775,-73.85799
183,Bronx,Pelham Bay,Boro Zone,448,False,40.84917,-73.83158
184,Bronx,Pelham Bay Park,Boro Zone,139,False,40.86841,-73.80805
185,Bronx,Pelham Parkway,Boro Zone,883,False,40.8544,-73.85439
186,Manhattan,Penn Station/Madison Sq West,Yellow Zone,325004,True,40.7485,-73.99244
187,Staten Island,Port Richmond,Boro Zone,16,False,40.62816,-74.1408
188,Brooklyn,Prospect-Lefferts Gardens,Boro Zone,7518,False,40.65874,-73.94744
189,Brooklyn,Prospect Heights,Boro Zone,4486,False,40.67764,-73.96759
190,Brooklyn,Prospect Park,Boro Zone,805,False,40.66162,-73.96891
191,Queens,Queens Village,Boro Zone,1661,False,40.71545,-73.74153
192,Queens,Queensboro Hill,Boro Zone,494,False,40.74375,-73.81523
193,Queens,Queensbridge/Ravenswood,Boro Zone,5439,False,40.76031,-73.942
194,Manhattan,Randalls Island,Yellow Zone,608,False,40.791,-73.9246
195,Brooklyn,Red Hook,Boro Zone,3214,False,40.67555,-74.00918
196,Queens,Rego Park,Boro Zone,1990,False,40.72616,-73.86334
197,Queens,Richmond Hill,Boro Zone,3267,False,40.69454,-73.83092
198,Queens,Ridgewood,Boro Zone,4134,False,40.70653,-73.90171
199,Bronx,Rikers Island,Boro Zone,7,False,40.79113,-73.88266
200,Bronx,Riverdale/North Riverdale/Fieldston,Boro Zone,948,False,40.89953,-73.90699
201,Queens,Rockaway Park,Boro Zone,487,False,40.57798,-73.84345
202,Manhattan,Roosevelt Island,Boro Zone,1366,False,40.7619,-73.94995
203,Queens,Rosedale,Boro Zone,777,False,40.65785,-73.73947
204,Staten Island,Rossville/Woodrow,Boro Zone,2,False,40.54033,-74.20783
205,Queens,Saint Albans,Boro Zone,2055,False,40.6912,-73.76315
206,Staten Island,Saint George/New Brighton,Boro Zone,32,False,40.63897,-74.10231
207,Queens,Saint Michaels Cemetery/Woodside,Boro Zone,405,False,40.76399,-73.89935
208,Bronx,Schuylerville/Edgewater Park,Boro Zone,1156,False,40.82332,-73.82354
209,Manhattan,Seaport,Yellow Zone,25681,True,40.70907,-74.00366
210,Brooklyn,Sheepshead Bay,Boro Zone,1360,False,40.59202,-73.94051
211,Manhattan,SoHo,Yellow Zone,90308,True,40.72389,-74.00154
212,Bronx,Soundview/Bruckner,Boro Zone,1459,False,40.8279,-73.86968
213,Bronx,Soundview/Castle Hill,Boro Zone,2713,False,40.8174,-73.85979
214,Staten Island,South Beach/Dongan Hills,Boro Zone,87,False,40.58679,-74.08551
215,Queens,South Jamaica,Boro Zone,2575,False,40.69443,-73.79096
216,Queens,South Ozone Park,Boro Zone,4424,False,40.67615,-73.81946
217,Brooklyn,South Williamsburg,Boro Zone,1506,False,40.70392,-73.9586
218,Queens,Springfield Gardens North,Boro Zone,1409,False,40.67209,-73.77304
219,Queens,Springfield Gardens South,Boro Zone,1584,False,40.66219,-73.76451
220,Bronx,Spuyten Duyvil/Kingsbridge,Boro Zone,1684,False,40.8824,-73.91066
221,Staten Island,Stapleton,Boro Zone,109,False,40.61877,-74.0737
222,Brooklyn,Starrett City,Boro Zone,1603,False,40.64753,-73.8824
223,Queens,Steinway,Boro Zone,7539,False,40.77743,-73.90541
224,Manhattan,Stuy Town/Peter Cooper Village,Yellow Zone,28350,True,40.73182,-73.9766
225,Brooklyn,Stuyvesant Heights,Boro Zone,10577,True,40.68817,-73.93189
226,Queens,Sunnyside,Boro Zone,17164,True,40.7377,-73.92467
227,Brooklyn,Sunset Park East,Boro Zone,1209,False,40.64189,-74.00465
228,Brooklyn,Sunset Park West,Boro Zone,4787,False,40.65235,-74.01127
229,Manhattan,Sutton Place/Turtle Bay North,Yellow Zone,175671,True,40.75673,-73.96515
230,Manhattan,Times Sq/Theatre District,Yellow Zone,315719,True,40.75982,-73.9842
231,Manhattan,TriBeCa/Civic Center,Yellow Zone,151243,True,40.71777,-74.00788
232,Manhattan,Two Bridges/Seward Park,Yellow Zone,36270,True,40.71473,-73.98302
233,Manhattan,UN/Turtle Bay South,Yellow Zone,119235,True,40.74992,-73.97045
234,Manhattan,Union Sq,Yellow Zone,276350,True,40.74034,-73.99046
235,Bronx,University Heights/Morris Heights,Boro Zone,2033,False,40.85252,-73.91598
236,Manhattan,Upper East Side North,Yellow Zone,428393,True,40.78044,-73.95701
237,Manhattan,Upper East Side South,Yellow Zone,493639,True,40.76862,-73.96563
238,Manhattan,Upper West Side North,Yellow Zone,204188,True,40.7917,-73.97305
239,Manhattan,Upper West Side South,Yellow Zone,280298,True,40.78396,-73.97863
240,Bronx,Van Cortlandt Park,Boro Zone,270,False,40.8946,-73.88198
241,Bronx,Van Cortlandt Village,Boro Zone,1491,False,40.87651,-73.89562
242,Bronx,Van Nest/Morris Park,Boro Zone,1227,False,40.84678,-73.85067
243,Manhattan,Washington Heights North,Boro Zone,12024,True,40.85711,-73.93283
244,Manhattan,Washington Heights South,Boro Zone,27046,True,40.84171,-73.9414
245,Staten Island,West Brighton,Boro Zone,18,False,40.63005,-74.10286
246,Manhattan,West Chelsea/Hudson Yards,Yellow Zone,209876,True,40.75331,-74.00402
247,Bronx,West Concourse,Boro Zone,4397,False,40.82899,-73.92441
248,Bronx,West Farms/Bronx River,Boro Zone,1406,False,40.83417,-73.87229
249,Manhattan,West Village,Yellow Zone,241335,True,40.73458,-74.00288
250,Bronx,Westchester Village/Unionport,Boro Zone,1139,False,40.8321,-73.84864
251,Staten Island,Westerleigh,Boro Zone,32,False,40.61688,-74.12535
252,Queens,Whitestone,Boro Zone,499,False,40.78819,-73.81566
253,Queens,Willets Point,Boro Zone,86,False,40.76063,-73.84124
254,Bronx,Williamsbridge/Olinville,Boro Zone,2049,False,40.88216,-73.85895
255,Brooklyn,Williamsburg (North Side),Boro Zone,28240,True,40.7188,-73.95742
256,Brooklyn,Williamsburg (South Side),Boro Zone,18721,True,40.71088,-73.9599
257,Brooklyn,Windsor Terrace,Boro Zone,1304,False,40.65361,-73.97798
258,Queens,Woodhaven,Boro Zone,1807,False,40.68872,-73.85577
259,Bronx,Woodlawn/Wakefield,Boro Zone,1299,False,40.89793,-73.85222
260,Queens,Woodside,Boro Zone,5230,False,40.74423,-73.90631
261,Manhattan,World Trade Center,Yellow Zone,49719,True,40.70914,-74.01302
262,Manhattan,Yorkville East,Yellow Zone,156391,True,40.77585,-73.94665
263,Manhattan,Yorkville West,Yellow Zone,203932,True,40.77877,-73.95101
